lat_deg,day_of_year,declination_deg,state,season,in_transition,daylight_h,twilight_each_h,night_h,sunrise_local_h,sunset_local_h,noon_elev_deg,day_real_min,dusk_real_min,night_real_min,dawn_real_min,cannabis_short_day_13h_flowers
0,0,0.0,normal,spring,1,12.48,0.667,10.187,5.76,18.24,90.0,60.0,18.0,48.0,18.0,1
0,30,11.57,normal,spring,0,12.49,0.681,10.148,5.755,18.245,78.43,60.12,18.0,47.88,18.0,1
0,61,20.33,normal,spring,0,12.512,0.712,10.064,5.744,18.256,69.67,60.39,18.0,47.61,18.0,1
0,91.25,23.44,normal,summer,1,12.523,0.728,10.02,5.738,18.262,66.56,60.53,18.0,47.47,18.0,1
0,121,20.43,normal,summer,0,12.512,0.713,10.062,5.744,18.256,69.57,60.4,18.0,47.6,18.0,1
0,152,11.75,normal,summer,0,12.49,0.681,10.147,5.755,18.245,78.25,60.13,18.0,47.87,18.0,1
0,182.5,-0.0,normal,autumn,1,12.48,0.667,10.187,5.76,18.24,90.0,60.0,18.0,48.0,18.0,1
0,213,-11.75,normal,autumn,0,12.49,0.681,10.147,5.755,18.245,78.25,60.13,18.0,47.87,18.0,1
0,243,-20.23,normal,autumn,0,12.512,0.712,10.065,5.744,18.256,69.77,60.39,18.0,47.61,18.0,1
0,273.75,-23.44,normal,winter,1,12.523,0.728,10.02,5.738,18.262,66.56,60.53,18.0,47.47,18.0,1
0,304,-20.33,normal,winter,0,12.512,0.712,10.064,5.744,18.256,69.67,60.39,18.0,47.61,18.0,1
0,334,-11.92,normal,winter,0,12.491,0.682,10.146,5.755,18.245,78.08,60.13,18.0,47.87,18.0,1
23.5,0,0.0,normal,spring,1,12.523,0.729,10.019,5.738,18.262,66.5,60.53,18.0,47.47,18.0,1
23.5,30,11.57,normal,spring,0,13.219,0.759,9.262,5.39,18.61,78.07,64.03,18.0,43.97,18.0,0
23.5,61,20.33,normal,spring,0,13.806,0.814,8.566,5.097,18.903,86.83,67.16,18.0,40.84,18.0,0
23.5,91.25,23.44,normal,summer,1,14.034,0.843,8.279,4.983,19.017,89.94,68.43,18.0,39.57,18.0,0
23.5,121,20.43,normal,summer,0,13.813,0.815,8.557,5.094,18.906,86.93,67.2,18.0,40.8,18.0,0
23.5,152,11.75,normal,summer,0,13.23,0.76,9.249,5.385,18.615,78.25,64.09,18.0,43.91,18.0,0
23.5,182.5,-0.0,normal,autumn,1,12.523,0.729,10.019,5.738,18.262,66.5,60.53,18.0,47.47,18.0,1
23.5,213,-11.75,normal,autumn,0,11.843,0.736,10.684,6.078,17.922,54.75,57.32,18.0,50.68,18.0,1
23.5,243,-20.23,normal,autumn,0,11.332,0.766,11.135,6.334,17.666,46.27,55.02,18.0,52.98,18.0,1
23.5,273.75,-23.44,normal,winter,1,11.128,0.784,11.304,6.436,17.564,43.06,54.12,18.0,53.88,18.0,1
23.5,304,-20.33,normal,winter,0,11.326,0.767,11.14,6.337,17.663,46.17,54.99,18.0,53.01,18.0,1
23.5,334,-11.92,normal,winter,0,11.833,0.737,10.693,6.083,17.917,54.58,57.27,18.0,50.73,18.0,1
-23.5,0,0.0,normal,autumn,1,12.523,0.729,10.019,5.738,18.262,66.5,60.53,18.0,47.47,18.0,1
-23.5,30,11.57,normal,autumn,0,11.854,0.736,10.674,6.073,17.927,54.93,57.37,18.0,50.63,18.0,1
-23.5,61,20.33,normal,autumn,0,11.326,0.767,11.14,6.337,17.663,46.17,54.99,18.0,53.01,18.0,1
-23.5,91.25,23.44,normal,winter,1,11.128,0.784,11.304,6.436,17.564,43.06,54.12,18.0,53.88,18.0,1
-23.5,121,20.43,normal,winter,0,11.32,0.767,11.145,6.34,17.66,46.07,54.96,18.0,53.04,18.0,1
-23.5,152,11.75,normal,winter,0,11.843,0.736,10.684,6.078,17.922,54.75,57.32,18.0,50.68,18.0,1
-23.5,182.5,-0.0,normal,spring,1,12.523,0.729,10.019,5.738,18.262,66.5,60.53,18.0,47.47,18.0,1
-23.5,213,-11.75,normal,spring,0,13.23,0.76,9.249,5.385,18.615,78.25,64.09,18.0,43.91,18.0,0
-23.5,243,-20.23,normal,spring,0,13.798,0.814,8.574,5.101,18.899,86.73,67.12,18.0,40.88,18.0,0
-23.5,273.75,-23.44,normal,summer,1,14.034,0.843,8.279,4.983,19.017,89.94,68.43,18.0,39.57,18.0,0
-23.5,304,-20.33,normal,summer,0,13.806,0.814,8.566,5.097,18.903,86.83,67.16,18.0,40.84,18.0,0
-23.5,334,-11.92,normal,summer,0,13.241,0.761,9.237,5.379,18.621,78.42,64.15,18.0,43.85,18.0,0
35,0,0.0,normal,spring,1,12.586,0.819,9.776,5.707,18.293,55.0,61.32,18.0,46.68,18.0,1
35,30,11.57,normal,spring,0,13.707,0.871,8.55,5.146,18.854,66.57,67.03,18.0,40.97,18.0,0
35,61,20.33,normal,spring,0,14.66,0.966,7.407,4.67,19.33,75.33,72.23,18.0,35.77,18.0,0
35,91.25,23.44,normal,summer,1,15.037,1.019,6.926,4.482,19.518,78.44,74.41,18.0,33.59,18.0,0
35,121,20.43,normal,summer,0,14.672,0.968,7.393,4.664,19.336,75.43,72.3,18.0,35.7,18.0,0
35,152,11.75,normal,summer,0,13.725,0.873,8.529,5.137,18.863,66.75,67.12,18.0,40.88,18.0,0
35,182.5,-0.0,normal,autumn,1,12.586,0.819,9.776,5.707,18.293,55.0,61.32,18.0,46.68,18.0,1
35,213,-11.75,normal,autumn,0,11.485,0.823,10.869,6.257,17.743,43.25,56.03,18.0,51.97,18.0,1
35,243,-20.23,normal,autumn,0,10.645,0.86,11.634,6.677,17.323,34.77,52.15,18.0,55.85,18.0,1
35,273.75,-23.44,normal,winter,1,10.305,0.883,11.929,6.847,17.153,31.56,50.6,18.0,57.4,18.0,1
35,304,-20.33,normal,winter,0,10.635,0.861,11.643,6.682,17.318,34.67,52.1,18.0,55.9,18.0,1
35,334,-11.92,normal,winter,0,11.469,0.824,10.884,6.266,17.734,43.08,55.95,18.0,52.05,18.0,1
-35,0,0.0,normal,autumn,1,12.586,0.819,9.776,5.707,18.293,55.0,61.32,18.0,46.68,18.0,1
-35,30,11.57,normal,autumn,0,11.502,0.823,10.853,6.249,17.751,43.43,56.11,18.0,51.89,18.0,1
-35,61,20.33,normal,autumn,0,10.635,0.861,11.643,6.682,17.318,34.67,52.1,18.0,55.9,18.0,1
-35,91.25,23.44,normal,winter,1,10.305,0.883,11.929,6.847,17.153,31.56,50.6,18.0,57.4,18.0,1
-35,121,20.43,normal,winter,0,10.625,0.861,11.653,6.688,17.312,34.57,52.05,18.0,55.95,18.0,1
-35,152,11.75,normal,winter,0,11.485,0.823,10.869,6.257,17.743,43.25,56.03,18.0,51.97,18.0,1
-35,182.5,-0.0,normal,spring,1,12.586,0.819,9.776,5.707,18.293,55.0,61.32,18.0,46.68,18.0,1
-35,213,-11.75,normal,spring,0,13.725,0.873,8.529,5.137,18.863,66.75,67.12,18.0,40.88,18.0,0
-35,243,-20.23,normal,spring,0,14.648,0.965,7.422,4.676,19.324,75.23,72.16,18.0,35.84,18.0,0
-35,273.75,-23.44,normal,summer,1,15.037,1.019,6.926,4.482,19.518,78.44,74.41,18.0,33.59,18.0,0
-35,304,-20.33,normal,summer,0,14.66,0.966,7.407,4.67,19.33,75.33,72.23,18.0,35.77,18.0,0
-35,334,-11.92,normal,summer,0,13.743,0.874,8.509,5.128,18.872,66.92,67.21,18.0,40.79,18.0,0
50,0,0.0,normal,spring,1,12.747,1.057,9.139,5.626,18.374,40.0,63.43,18.0,44.57,18.0,1
50,30,11.57,normal,spring,0,14.681,1.202,6.916,4.659,19.341,51.57,73.89,18.0,34.11,18.0,0
50,61,20.33,normal,spring,0,16.411,1.547,4.496,3.795,20.205,60.33,85.14,18.0,22.86,18.0,0
50,91.25,23.44,normal,summer,1,17.14,1.848,3.165,3.43,20.57,63.44,91.45,18.0,16.55,18.0,0
50,121,20.43,normal,summer,0,16.433,1.554,4.46,3.784,20.216,60.43,85.31,18.0,22.69,18.0,0
50,152,11.75,normal,summer,0,14.712,1.206,6.876,4.644,19.356,51.75,74.07,18.0,33.93,18.0,0
50,182.5,-0.0,normal,autumn,1,12.747,1.057,9.139,5.626,18.374,40.0,63.43,18.0,44.57,18.0,1
50,213,-11.75,normal,autumn,0,10.864,1.049,11.037,6.568,17.432,28.25,54.12,18.0,53.88,18.0,1
50,243,-20.23,normal,autumn,0,9.389,1.117,12.377,7.305,16.695,19.77,47.12,18.0,60.88,18.0,1
50,273.75,-23.44,normal,winter,1,8.771,1.163,12.903,7.615,16.385,16.56,44.23,18.0,63.77,18.0,1
50,304,-20.33,normal,winter,0,9.37,1.118,12.394,7.315,16.685,19.67,47.03,18.0,60.97,18.0,1
50,334,-11.92,normal,winter,0,10.836,1.05,11.064,6.582,17.418,28.08,53.98,18.0,54.02,18.0,1
-50,0,0.0,normal,autumn,1,12.747,1.057,9.139,5.626,18.374,40.0,63.43,18.0,44.57,18.0,1
-50,30,11.57,normal,autumn,0,10.893,1.049,11.009,6.553,17.447,28.43,54.26,18.0,53.74,18.0,1
-50,61,20.33,normal,autumn,0,9.37,1.118,12.394,7.315,16.685,19.67,47.03,18.0,60.97,18.0,1
-50,91.25,23.44,normal,winter,1,8.771,1.163,12.903,7.615,16.385,16.56,44.23,18.0,63.77,18.0,1
-50,121,20.43,normal,winter,0,9.352,1.119,12.41,7.324,16.676,19.57,46.94,18.0,61.06,18.0,1
-50,152,11.75,normal,winter,0,10.864,1.049,11.037,6.568,17.432,28.25,54.12,18.0,53.88,18.0,1
-50,182.5,-0.0,normal,spring,1,12.747,1.057,9.139,5.626,18.374,40.0,63.43,18.0,44.57,18.0,1
-50,213,-11.75,normal,spring,0,14.712,1.206,6.876,4.644,19.356,51.75,74.07,18.0,33.93,18.0,0
-50,243,-20.23,normal,spring,0,16.388,1.54,4.532,3.806,20.194,60.23,84.97,18.0,23.03,18.0,0
-50,273.75,-23.44,normal,summer,1,17.14,1.848,3.165,3.43,20.57,63.44,91.45,18.0,16.55,18.0,0
-50,304,-20.33,normal,summer,0,16.411,1.547,4.496,3.795,20.205,60.33,85.14,18.0,22.86,18.0,0
-50,334,-11.92,normal,summer,0,14.744,1.21,6.837,4.628,19.372,51.92,74.25,18.0,33.75,18.0,0
66.5,0,0.0,normal,spring,1,13.208,1.805,7.182,5.396,18.604,23.5,70.45,18.0,37.55,18.0,0
66.5,30,11.57,normal,spring,0,17.224,3.388,0.0,3.388,20.612,35.07,103.34,20.33,0.0,20.33,0
66.5,61,20.33,midnight_sun,spring,0,24.0,0.0,0.0,,,43.83,144.0,0.0,0.0,0.0,0
66.5,91.25,23.44,midnight_sun,summer,1,24.0,0.0,0.0,,,46.94,144.0,0.0,0.0,0.0,0
66.5,121,20.43,midnight_sun,summer,0,24.0,0.0,0.0,,,43.93,144.0,0.0,0.0,0.0,0
66.5,152,11.75,normal,summer,0,17.297,3.351,0.0,3.351,20.649,35.25,103.78,20.11,0.0,20.11,0
66.5,182.5,-0.0,normal,autumn,1,13.208,1.805,7.182,5.396,18.604,23.5,70.45,18.0,37.55,18.0,0
66.5,213,-11.75,normal,autumn,0,9.532,1.709,11.05,7.234,16.766,11.75,50.56,18.0,57.44,18.0,1
66.5,243,-20.23,normal,autumn,0,6.289,2.011,13.688,8.855,15.145,3.27,34.47,18.0,73.53,18.0,1
66.5,273.75,-23.44,normal,winter,1,4.581,2.326,14.768,9.709,14.291,0.06,25.97,18.0,82.03,18.0,1
66.5,304,-20.33,normal,winter,0,6.242,2.018,13.721,8.879,15.121,3.17,34.24,18.0,73.76,18.0,1
66.5,334,-11.92,normal,winter,0,9.474,1.711,11.104,7.263,16.737,11.58,50.26,18.0,57.74,18.0,1
-66.5,0,0.0,normal,autumn,1,13.208,1.805,7.182,5.396,18.604,23.5,70.45,18.0,37.55,18.0,0
-66.5,30,11.57,normal,autumn,0,9.59,1.707,10.997,7.205,16.795,11.93,50.85,18.0,57.15,18.0,1
-66.5,61,20.33,normal,autumn,0,6.242,2.018,13.721,8.879,15.121,3.17,34.24,18.0,73.76,18.0,1
-66.5,91.25,23.44,normal,winter,1,4.581,2.326,14.768,9.709,14.291,0.06,25.97,18.0,82.03,18.0,1
-66.5,121,20.43,normal,winter,0,6.196,2.025,13.753,8.902,15.098,3.07,34.01,18.0,73.99,18.0,1
-66.5,152,11.75,normal,winter,0,9.532,1.709,11.05,7.234,16.766,11.75,50.56,18.0,57.44,18.0,1
-66.5,182.5,-0.0,normal,spring,1,13.208,1.805,7.182,5.396,18.604,23.5,70.45,18.0,37.55,18.0,0
-66.5,213,-11.75,normal,spring,0,17.297,3.351,0.0,3.351,20.649,35.25,103.78,20.11,0.0,20.11,0
-66.5,243,-20.23,midnight_sun,spring,0,24.0,0.0,0.0,,,43.73,144.0,0.0,0.0,0.0,0
-66.5,273.75,-23.44,midnight_sun,summer,1,24.0,0.0,0.0,,,46.94,144.0,0.0,0.0,0.0,0
-66.5,304,-20.33,midnight_sun,summer,0,24.0,0.0,0.0,,,43.83,144.0,0.0,0.0,0.0,0
-66.5,334,-11.92,normal,summer,0,17.371,3.314,0.0,3.314,20.686,35.42,104.23,19.89,0.0,19.89,0
80,0,0.0,normal,spring,1,14.826,4.587,0.0,4.587,19.413,10.0,88.96,27.52,0.0,27.52,0
80,30,11.57,midnight_sun,spring,0,24.0,0.0,0.0,,,21.57,144.0,0.0,0.0,0.0,0
80,61,20.33,midnight_sun,spring,0,24.0,0.0,0.0,,,30.33,144.0,0.0,0.0,0.0,0
80,91.25,23.44,midnight_sun,summer,1,24.0,0.0,0.0,,,33.44,144.0,0.0,0.0,0.0,0
80,121,20.43,midnight_sun,summer,0,24.0,0.0,0.0,,,30.43,144.0,0.0,0.0,0.0,0
80,152,11.75,midnight_sun,summer,0,24.0,0.0,0.0,,,21.75,144.0,0.0,0.0,0.0,0
80,182.5,-0.0,normal,autumn,1,14.826,4.587,0.0,4.587,19.413,10.0,88.96,27.52,0.0,27.52,0
80,213,-11.75,normal,autumn,0,4.785,4.391,10.434,9.608,14.392,-1.75,29.1,26.34,62.21,26.34,1
80,243,-20.23,polar_night,autumn,0,0.0,8.688,6.624,,,-10.23,0.0,52.13,39.74,52.13,1
80,273.75,-23.44,polar_night,winter,1,0.0,11.294,1.412,,,-13.44,0.0,67.76,8.47,67.76,1
80,304,-20.33,polar_night,winter,0,0.0,8.741,6.519,,,-10.33,0.0,52.44,39.11,52.44,1
80,334,-11.92,normal,winter,0,4.548,4.442,10.567,9.726,14.274,-1.92,27.67,26.65,63.02,26.65,1
-80,0,0.0,normal,autumn,1,14.826,4.587,0.0,4.587,19.413,10.0,88.96,27.52,0.0,27.52,0
-80,30,11.57,normal,autumn,0,5.012,4.344,10.3,9.494,14.506,-1.57,30.48,26.06,61.39,26.06,1
-80,61,20.33,polar_night,autumn,0,0.0,8.741,6.519,,,-10.33,0.0,52.44,39.11,52.44,1
-80,91.25,23.44,polar_night,winter,1,0.0,11.294,1.412,,,-13.44,0.0,67.76,8.47,67.76,1
-80,121,20.43,polar_night,winter,0,0.0,8.793,6.414,,,-10.43,0.0,52.76,38.48,52.76,1
-80,152,11.75,normal,winter,0,4.785,4.391,10.434,9.608,14.392,-1.75,29.1,26.34,62.21,26.34,1
-80,182.5,-0.0,normal,spring,1,14.826,4.587,0.0,4.587,19.413,10.0,88.96,27.52,0.0,27.52,0
-80,213,-11.75,midnight_sun,spring,0,24.0,0.0,0.0,,,21.75,144.0,0.0,0.0,0.0,0
-80,243,-20.23,midnight_sun,spring,0,24.0,0.0,0.0,,,30.23,144.0,0.0,0.0,0.0,0
-80,273.75,-23.44,midnight_sun,summer,1,24.0,0.0,0.0,,,33.44,144.0,0.0,0.0,0.0,0
-80,304,-20.33,midnight_sun,summer,0,24.0,0.0,0.0,,,30.33,144.0,0.0,0.0,0.0,0
-80,334,-11.92,midnight_sun,summer,0,24.0,0.0,0.0,,,21.92,144.0,0.0,0.0,0.0,0
